{"createdAt":{"seconds":1644789681,"nanoseconds":849000000},"courseId":"bXfQimifVCNdjnWGGZYp","colorScheme":{"primary":"#666666"},"ownerId":"qdqRVBrxLObwsqzKjwoxJbKeBzq2","available":true,"name":"ClassifyingParrots","baseURL":"assets","pages":[{"filename":"classifyingparrots-0.jpg","resourceId":"8cJPWN2pyJ","title":"Slide 1","video":null,"audio":null,"order":1,"resourceType":"slide"},{"resourceId":"VxTtUnj0Rd","title":"Slide 2","resourceType":"slide","audio":null,"filename":"classifyingparrots-1.jpg","video":null,"order":2},{"resourceId":"wpTCP2r51Q","title":"Slide 3","audio":null,"resourceType":"slide","video":null,"filename":"classifyingparrots-2.jpg","order":3},{"resourceType":"slide","audio":null,"order":4,"resourceId":"HxRvrjq9WY","title":"Slide 4","video":null,"filename":"classifyingparrots-3.jpg"},{"filename":"classifyingparrots-4.jpg","resourceType":"slide","video":null,"order":5,"resourceId":"lW7Kly4aSJ","audio":null,"title":"Slide 5"},{"audio":null,"video":null,"resourceType":"slide","title":"Slide 6","resourceId":"6igDSJQQwC","filename":"classifyingparrots-5.jpg","order":6},{"resourceId":"vRtFqhXK6X","resourceType":"slide","title":"Slide 7","audio":null,"video":null,"order":7,"filename":"classifyingparrots-6.jpg"},{"resourceType":"slide","audio":null,"filename":"classifyingparrots-7.jpg","order":8,"resourceId":"aMEZ7SS0yj","video":null,"title":"Slide 8"},{"resourceId":"JJyZFpjh52","title":"Slide 9","order":9,"resourceType":"slide","video":null,"audio":null,"filename":"classifyingparrots-8.jpg"}],"language":"en-US"}