{"docId":"bf7z1778Y7PWGNmWOxvU","courseId":"bf7z1778Y7PWGNmWOxvU","modifiedAt":1644787477523,"available":true,"name":"ClassifyingParrots","ownerId":"qdqRVBrxLObwsqzKjwoxJbKeBzq2","colorScheme":{"primary":"#666666"},"createdAt":"2022-02-13 15:24","language":"en-US","baseURL":"assets","pages":[{"order":1,"resourceType":"slide","resourceId":"b5RjwSL7jz","title":"Slide 1","filename":"classifyingparrots-0.jpg","video":null,"audio":null},{"resourceType":"slide","video":null,"filename":"classifyingparrots-1.jpg","title":"Slide 2","resourceId":"AKyXGGTR3B","order":2,"audio":null},{"filename":"classifyingparrots-2.jpg","order":3,"video":null,"resourceType":"slide","resourceId":"tejjwwKYvD","title":"Slide 3","audio":null},{"title":"Slide 4","video":null,"resourceId":"8DyCKJXobU","order":4,"audio":null,"filename":"classifyingparrots-3.jpg","resourceType":"slide"},{"video":null,"title":"Slide 5","resourceId":"MHbhlj5k26","audio":null,"resourceType":"slide","filename":"classifyingparrots-4.jpg","order":5},{"title":"Slide 6","filename":"classifyingparrots-5.jpg","order":6,"video":null,"resourceId":"J4RQ1PoeMy","resourceType":"slide","audio":null},{"order":7,"resourceType":"slide","audio":null,"filename":"classifyingparrots-6.jpg","title":"Slide 7","resourceId":"NIy9VLGds0","video":null},{"resourceType":"slide","filename":"classifyingparrots-7.jpg","audio":{"name":"","url":"","fullPath":""},"title":"Slide 8","video":null,"order":8,"hyperlink":{"url":""},"resourceId":"lnhwPtvNpA"},{"resourceId":"M5DINhjPBD","audio":{"url":"","name":"","fullPath":""},"filename":"classifyingparrots-8.jpg","video":null,"order":9,"hyperlink":{"url":""},"title":"Slide 9","resourceType":"slide"}]}